{
  "method": "Avg-loss MLE (synth-calibrated polynomial inversion)",
  "synth": {
    "0": {
      "arch_name": "ResNet18",
      "best_signal": "mean_loss_mixed",
      "best_degree": 1,
      "ps": [
        0.0,
        0.25,
        0.5,
        0.75,
        1.0
      ],
      "signals": [
        6.074063301086426,
        4.55499792098999,
        2.9529852867126465,
        1.533959150314331,
        0.0020791529677808285
      ],
      "poly_coeffs": [
        -6.066002826765183,
        6.056618375796824
      ],
      "loo_mae": 0.00726155000927343,
      "all_signals": {
        "mean_logit_mixed": [
          6.00273323059082,
          8.777875900268555,
          11.733299255371094,
          14.437578201293945,
          17.273378372192383
        ],
        "mean_conf_mixed": [
          0.1555677205324173,
          0.3681768774986267,
          0.5810274481773376,
          0.7865504026412964,
          0.9979333281517029
        ],
        "mean_loss_mixed": [
          6.074063301086426,
          4.55499792098999,
          2.9529852867126465,
          1.533959150314331,
          0.0020791529677808285
        ],
        "delta_conf": [
          0.0007732659578323364,
          0.20063433051109314,
          0.4152800440788269,
          0.6285603046417236,
          0.8460074067115784
        ],
        "delta_loss": [
          -0.018734455108642578,
          1.4585704803466797,
          3.028254508972168,
          4.578368186950684,
          6.061436176300049
        ]
      }
    },
    "1": {
      "arch_name": "ResNet50",
      "best_signal": "mean_loss_mixed",
      "best_degree": 1,
      "ps": [
        0.0,
        0.25,
        0.5,
        0.75,
        1.0
      ],
      "signals": [
        6.074063301086426,
        4.55499792098999,
        2.9529852867126465,
        1.533959150314331,
        0.0020791529677808285
      ],
      "poly_coeffs": [
        -6.066002826765183,
        6.056618375796824
      ],
      "loo_mae": 0.00726155000927343,
      "all_signals": {
        "mean_logit_mixed": [
          6.00273323059082,
          8.777875900268555,
          11.733299255371094,
          14.437578201293945,
          17.273378372192383
        ],
        "mean_conf_mixed": [
          0.1555677205324173,
          0.3681768774986267,
          0.5810274481773376,
          0.7865504026412964,
          0.9979333281517029
        ],
        "mean_loss_mixed": [
          6.074063301086426,
          4.55499792098999,
          2.9529852867126465,
          1.533959150314331,
          0.0020791529677808285
        ],
        "delta_conf": [
          0.0007732659578323364,
          0.20063433051109314,
          0.4152800440788269,
          0.6285603046417236,
          0.8460074067115784
        ],
        "delta_loss": [
          -0.018734455108642578,
          1.4585704803466797,
          3.028254508972168,
          4.578368186950684,
          6.061436176300049
        ]
      }
    },
    "2": {
      "arch_name": "ResNet152",
      "best_signal": "mean_loss_mixed",
      "best_degree": 1,
      "ps": [
        0.0,
        0.25,
        0.5,
        0.75,
        1.0
      ],
      "signals": [
        6.074063301086426,
        4.55499792098999,
        2.9529852867126465,
        1.533959150314331,
        0.0020791529677808285
      ],
      "poly_coeffs": [
        -6.066002826765183,
        6.056618375796824
      ],
      "loo_mae": 0.00726155000927343,
      "all_signals": {
        "mean_logit_mixed": [
          6.00273323059082,
          8.777875900268555,
          11.733299255371094,
          14.437578201293945,
          17.273378372192383
        ],
        "mean_conf_mixed": [
          0.1555677205324173,
          0.3681768774986267,
          0.5810274481773376,
          0.7865504026412964,
          0.9979333281517029
        ],
        "mean_loss_mixed": [
          6.074063301086426,
          4.55499792098999,
          2.9529852867126465,
          1.533959150314331,
          0.0020791529677808285
        ],
        "delta_conf": [
          0.0007732659578323364,
          0.20063433051109314,
          0.4152800440788269,
          0.6285603046417236,
          0.8460074067115784
        ],
        "delta_loss": [
          -0.018734455108642578,
          1.4585704803466797,
          3.028254508972168,
          4.578368186950684,
          6.061436176300049
        ]
      }
    }
  },
  "targets": [
    {
      "model_id": "00",
      "arch": "0",
      "arch_name": "ResNet18",
      "best_signal": "mean_loss_mixed",
      "signal": 3.237272024154663,
      "all_signals": {
        "mean_logit_mixed": 2.6491200923919678,
        "mean_conf_mixed": 0.18300864100456238,
        "mean_loss_mixed": 3.237272024154663,
        "delta_conf": 0.023663640022277832,
        "delta_loss": 0.24309992790222168
      },
      "p_raw": 0.46477827857288256,
      "p_hat": 0.46477827857288256
    },
    {
      "model_id": "01",
      "arch": "0",
      "arch_name": "ResNet18",
      "best_signal": "mean_loss_mixed",
      "signal": 2.6109540462493896,
      "all_signals": {
        "mean_logit_mixed": 3.5810043811798096,
        "mean_conf_mixed": 0.27472907304763794,
        "mean_loss_mixed": 2.6109540462493896,
        "delta_conf": 0.06579931080341339,
        "delta_loss": 0.5738396644592285
      },
      "p_raw": 0.5680288038020753,
      "p_hat": 0.5680288038020753
    },
    {
      "model_id": "02",
      "arch": "0",
      "arch_name": "ResNet18",
      "best_signal": "mean_loss_mixed",
      "signal": 2.4518089294433594,
      "all_signals": {
        "mean_logit_mixed": 3.7021872997283936,
        "mean_conf_mixed": 0.29181528091430664,
        "mean_loss_mixed": 2.4518089294433594,
        "delta_conf": 0.0999666303396225,
        "delta_loss": 0.7975730895996094
      },
      "p_raw": 0.5942643861700607,
      "p_hat": 0.5942643861700607
    },
    {
      "model_id": "10",
      "arch": "1",
      "arch_name": "ResNet50",
      "best_signal": "mean_loss_mixed",
      "signal": 3.36405873298645,
      "all_signals": {
        "mean_logit_mixed": 3.134174108505249,
        "mean_conf_mixed": 0.22092916071414948,
        "mean_loss_mixed": 3.36405873298645,
        "delta_conf": 0.025272801518440247,
        "delta_loss": 0.11860489845275879
      },
      "p_raw": 0.44387708342797383,
      "p_hat": 0.44387708342797383
    },
    {
      "model_id": "11",
      "arch": "1",
      "arch_name": "ResNet50",
      "best_signal": "mean_loss_mixed",
      "signal": 3.0279035568237305,
      "all_signals": {
        "mean_logit_mixed": 3.507075786590576,
        "mean_conf_mixed": 0.24826286733150482,
        "mean_loss_mixed": 3.0279035568237305,
        "delta_conf": 0.04479709267616272,
        "delta_loss": 0.35622453689575195
      },
      "p_raw": 0.4992933411783813,
      "p_hat": 0.4992933411783813
    },
    {
      "model_id": "12",
      "arch": "1",
      "arch_name": "ResNet50",
      "best_signal": "mean_loss_mixed",
      "signal": 2.6990346908569336,
      "all_signals": {
        "mean_logit_mixed": 3.744736909866333,
        "mean_conf_mixed": 0.2768046259880066,
        "mean_loss_mixed": 2.6990346908569336,
        "delta_conf": 0.05912281572818756,
        "delta_loss": 0.5348126888275146
      },
      "p_raw": 0.5535084273494131,
      "p_hat": 0.5535084273494131
    },
    {
      "model_id": "20",
      "arch": "2",
      "arch_name": "ResNet152",
      "best_signal": "mean_loss_mixed",
      "signal": 3.154604911804199,
      "all_signals": {
        "mean_logit_mixed": 3.4856343269348145,
        "mean_conf_mixed": 0.23035986721515656,
        "mean_loss_mixed": 3.154604911804199,
        "delta_conf": 0.002132818102836609,
        "delta_loss": 0.023227930068969727
      },
      "p_raw": 0.4784062168893155,
      "p_hat": 0.4784062168893155
    },
    {
      "model_id": "21",
      "arch": "2",
      "arch_name": "ResNet152",